	x	y	z	pitch	roll	yaw
	 1.4491373e-14	 0.0000000e+00	 0.0000000e+00	 0.0000000e+00	 0.0000000e+00	 0.0000000e+00
	-2.5318753e-02	 2.6284365e-02	 2.9322846e-02	-3.1168969e-04	 2.3036298e-04	-2.3393096e-04
	-2.5551562e-02	-1.6395368e-02	 3.0031355e-02	-5.5623672e-06	 4.0644629e-04	-1.8472467e-04
	-1.9206666e-02	-5.8745897e-03	 3.9889815e-02	-9.8495094e-05	 1.9213965e-04	-2.6628509e-04
	-1.9331740e-02	 1.9467170e-02	 5.2337725e-02	-1.2310769e-04	 4.0290015e-04	-1.2344447e-04
	 2.4847950e-04	-1.5371680e-02	 1.5174773e-02	 2.7270875e-04	 4.7384083e-04	 2.3279083e-04
	 2.2198912e-02	-1.1864964e-02	 1.1442252e-03	 4.3669979e-04	 2.5656191e-04	 5.8788209e-04
	 1.3965358e-02	 9.9262902e-03	 1.5039844e-02	 4.1793584e-04	 3.9075364e-04	 8.2346876e-04
	 4.2379417e-02	-5.1032966e-02	 3.7226516e-03	 6.4057442e-04	 4.7642132e-05	 1.0350197e-03
	 6.0958912e-02	-5.4578636e-02	 1.4521939e-02	 7.3885132e-04	-9.0920389e-05	 1.2768265e-03
	 4.8809148e-02	-3.4631358e-02	 4.3522903e-02	 4.8282659e-04	 2.1153105e-04	 1.3743509e-03
	 5.8841238e-02	-5.0436380e-02	 3.1158023e-02	 4.8369806e-04	 1.6671542e-04	 1.5840923e-03
	 6.1463048e-02	-6.3398846e-02	 1.8659866e-03	 5.8483900e-04	 1.0565277e-04	 1.7645083e-03
	 6.4486813e-02	-3.8656106e-02	 3.3694377e-02	 3.1383204e-04	-1.0397694e-05	 1.8316059e-03
	 7.1792306e-02	-3.2815235e-02	 5.1972925e-02	 2.7596474e-04	 1.2082163e-04	 2.1227954e-03
	 8.6000358e-02	-7.2995715e-02	 2.8595671e-02	 2.6124641e-04	-2.9015916e-05	 2.2118661e-03
	 5.6937059e-02	-3.5898730e-02	 6.9182787e-02	-5.3872331e-05	 2.2380258e-04	 2.0223495e-03
	 4.1331351e-02	-3.1455431e-02	 4.0547012e-02	 2.5671810e-04	 3.0346524e-04	 1.9381473e-03
	 5.5286006e-02	-5.1557873e-02	 8.2098233e-03	 1.3188121e-04	 3.0980434e-05	 2.1209929e-03
	 5.4097729e-02	-1.6103255e-02	 6.7002417e-02	-9.9830993e-05	 1.6097261e-04	 2.0442193e-03
	 6.2050840e-02	 5.8331410e-03	 1.0807016e-01	-5.4087996e-04	-1.3464582e-05	 2.0646252e-03
	 5.1364800e-02	-4.5968788e-02	 8.2648881e-02	-6.2932147e-04	 1.5508864e-04	 2.0505806e-03
	 5.4363628e-02	-3.3322114e-02	 1.2748368e-01	-7.6965584e-04	-1.9920720e-05	 2.2699874e-03
	 6.5327335e-02	-3.8133134e-03	 1.3788473e-01	-1.4943907e-03	-2.6755361e-04	 2.5530713e-03
	 9.7338352e-02	-3.3853104e-03	 1.1775406e-01	-1.6219149e-03	-5.0109129e-04	 3.0230905e-03
	 1.1708831e-01	 2.9630147e-02	 1.2210509e-01	-2.0138072e-03	-6.3468485e-04	 3.3178609e-03
	 1.3504874e-01	 2.3380883e-02	 1.2384306e-01	-2.2378720e-03	-8.3907546e-04	 3.5524043e-03
	 1.3268992e-01	 4.8403237e-02	 1.7869029e-01	-2.5526209e-03	-6.9212052e-04	 3.4931102e-03
	 1.5877357e-01	-2.3407297e-03	 1.6929707e-01	-2.2439609e-03	-9.1883961e-04	 3.7952198e-03
	 1.5792697e-01	 4.4580183e-02	 2.3687417e-01	-2.7561738e-03	-9.6206229e-04	 3.8352403e-03
	 1.5977890e-01	 3.4123277e-02	 2.5261497e-01	-2.5822199e-03	-7.7779133e-04	 4.0728222e-03
	 1.7543229e-01	 1.5595683e-02	 2.4632439e-01	-2.8006263e-03	-1.1702453e-03	 4.1836351e-03
	 1.6210477e-01	 4.5963995e-02	 2.9543012e-01	-2.9744351e-03	-8.8307661e-04	 4.1643970e-03
	 1.7329182e-01	 9.7527787e-03	 2.6488650e-01	-2.8860745e-03	-9.7608774e-04	 4.4696707e-03
	 1.9213099e-01	 6.6462849e-03	 2.9505247e-01	-3.0273110e-03	-1.0880413e-03	 4.6678498e-03
	 1.8781191e-01	 1.1488214e-02	 3.0408627e-01	-3.1925834e-03	-9.8023935e-04	 4.7613452e-03
	 1.9808310e-01	-6.2637086e-03	 2.9930047e-01	-3.3756061e-03	-1.1714564e-03	 4.8848557e-03
	 1.9969781e-01	 3.5694348e-02	 3.5637125e-01	-3.7374674e-03	-1.0705110e-03	 4.7324918e-03
	 1.9773187e-01	 3.0307792e-03	 3.4512265e-01	-3.3667126e-03	-1.0177158e-03	 4.5226669e-03
	 1.8996538e-01	-4.9746962e-03	 3.2572988e-01	-3.3249378e-03	-8.9600324e-04	 4.5322258e-03
	 1.8126456e-01	 2.5416637e-02	 3.5547120e-01	-3.4244138e-03	-8.5247036e-04	 4.4880844e-03
	 1.8735885e-01	-1.6246634e-02	 3.2047295e-01	-3.1280924e-03	-8.2731129e-04	 4.6438370e-03
	 1.9901649e-01	-6.1267399e-03	 3.1793484e-01	-3.0689497e-03	-8.8291091e-04	 4.8227863e-03
	 2.0173260e-01	 2.4987369e-02	 3.3656538e-01	-2.8833681e-03	-7.0481915e-04	 4.9599367e-03
	 1.9763829e-01	-2.9299567e-02	 2.7623013e-01	-2.5985957e-03	-7.5757894e-04	 4.8798098e-03
	 2.1205859e-01	-2.8447418e-02	 2.4693321e-01	-2.5007384e-03	-1.0475450e-03	 5.0304224e-03
	 2.0103541e-01	 4.0444387e-02	 2.8558487e-01	-2.5830852e-03	-1.2506519e-03	 4.7305603e-03
	 1.9490582e-01	-3.2023423e-02	 2.4315177e-01	-2.0114804e-03	-9.4426597e-04	 4.8364569e-03
	 2.0167628e-01	-5.2884349e-02	 2.0785574e-01	-1.9060040e-03	-1.1900920e-03	 4.8412013e-03
	 2.0607584e-01	 1.3130219e-03	 2.4982940e-01	-1.9137264e-03	-1.3138019e-03	 4.7705444e-03
	 2.2124993e-01	-2.0467765e-02	 2.4587030e-01	-2.0183254e-03	-1.4064650e-03	 4.8889256e-03
	 2.2518069e-01	-6.0151857e-02	 2.0788351e-01	-1.8527981e-03	-1.4452253e-03	 5.1930346e-03
	 2.0793486e-01	-5.4887951e-05	 2.7868266e-01	-2.1636459e-03	-1.2685681e-03	 4.8213165e-03
	 2.2190539e-01	-4.1790345e-02	 2.3561302e-01	-1.7797960e-03	-1.2662783e-03	 5.1456012e-03
	 2.3146573e-01	-5.0900194e-02	 2.0232720e-01	-1.7907361e-03	-1.5381601e-03	 5.1528316e-03
	 2.3892606e-01	-1.7360066e-03	 2.4899331e-01	-1.9472495e-03	-1.7111683e-03	 5.2256560e-03
	 2.3051774e-01	-5.2981946e-02	 2.0912981e-01	-1.4423222e-03	-1.5883053e-03	 5.0598654e-03
	 2.3691011e-01	-6.5722716e-02	 1.8393642e-01	-1.3242086e-03	-1.5329272e-03	 5.2208282e-03
	 2.1458179e-01	-4.6648114e-03	 2.5294631e-01	-1.7921090e-03	-1.3180718e-03	 5.0141467e-03
	 2.1471733e-01	-4.3209504e-02	 2.1473232e-01	-1.6350639e-03	-1.3637513e-03	 5.1302959e-03
	 2.2197309e-01	-3.8537893e-02	 2.2353907e-01	-2.1193644e-03	-1.5969566e-03	 5.1477227e-03
	 1.8616402e-01	 6.0344041e-03	 2.6814405e-01	-2.3501528e-03	-1.4732131e-03	 4.8375088e-03
	 1.8830646e-01	-5.3265463e-02	 2.2654552e-01	-2.2021014e-03	-1.6013369e-03	 4.7279587e-03
	 1.7484009e-01	-3.2555323e-02	 2.5390989e-01	-2.5318496e-03	-1.5688307e-03	 4.7248681e-03
	 1.7361946e-01	-1.2185132e-02	 2.5601128e-01	-2.6270188e-03	-1.7628131e-03	 4.6563167e-03
	 1.9149903e-01	-4.8585366e-02	 2.0858260e-01	-2.3390147e-03	-1.6683359e-03	 4.9082996e-03
	 1.7635604e-01	 3.2107799e-02	 2.6156734e-01	-2.8571743e-03	-1.5993202e-03	 4.7407267e-03
	 1.7533658e-01	-2.7939999e-02	 2.3823114e-01	-2.4820806e-03	-1.6929592e-03	 4.8105361e-03
	 1.7431167e-01	-1.7947408e-02	 2.3280861e-01	-2.6196385e-03	-1.6605483e-03	 4.8443880e-03
	 1.7498192e-01	 8.9392450e-03	 2.6664071e-01	-2.6910002e-03	-1.8490046e-03	 4.7481388e-03
	 1.7887030e-01	-3.4904242e-02	 2.4574506e-01	-2.3012802e-03	-1.6793705e-03	 4.8953484e-03
	 1.9556006e-01	-4.3896016e-02	 2.3891888e-01	-2.1526017e-03	-1.8599324e-03	 5.0459467e-03
	 1.8069841e-01	 1.0711856e-02	 2.9504192e-01	-2.6630123e-03	-1.7242034e-03	 4.7869678e-03
	 1.8211814e-01	-4.3225190e-02	 2.5859872e-01	-2.4754838e-03	-1.6783883e-03	 4.9595106e-03
	 1.7159280e-01	-3.1665657e-02	 2.4859252e-01	-2.6640225e-03	-1.6875348e-03	 4.6555315e-03
	 1.4541553e-01	-2.3802501e-02	 2.6306057e-01	-2.3837839e-03	-1.4669879e-03	 4.5794570e-03
	 1.2686799e-01	-7.8347364e-02	 1.8625438e-01	-2.1324191e-03	-1.2975615e-03	 4.4034147e-03
	 1.2620184e-01	-4.9589866e-02	 2.1811394e-01	-2.2267891e-03	-1.3051153e-03	 4.4694400e-03
	 1.3913255e-01	-8.6678941e-02	 1.6140963e-01	-1.7511461e-03	-1.4313247e-03	 4.4769517e-03
	 1.3755652e-01	-4.9150747e-02	 2.2126731e-01	-2.1944360e-03	-1.7344591e-03	 4.5422247e-03
	 1.4086179e-01	-7.5791589e-02	 1.8650466e-01	-1.6566136e-03	-1.6048795e-03	 4.8157304e-03
	 1.7129818e-01	-7.7408576e-02	 1.8151615e-01	-1.8008278e-03	-1.9008658e-03	 5.0721252e-03
	 1.7043731e-01	-3.9009127e-02	 2.1226745e-01	-1.9567393e-03	-1.7704906e-03	 5.1013224e-03
	 1.5216826e-01	-8.8134534e-02	 1.7317824e-01	-1.1470833e-03	-1.4751929e-03	 5.0091285e-03
	 1.7733025e-01	-1.0756449e-01	 1.3364516e-01	-9.7451588e-04	-1.8581489e-03	 5.1119078e-03
	 1.6052196e-01	-4.1274971e-02	 2.0914391e-01	-1.5133426e-03	-1.8749914e-03	 4.8733184e-03
	 1.6998165e-01	-9.1207557e-02	 1.7532827e-01	-1.0375471e-03	-1.7103624e-03	 5.0822655e-03
	 1.9339993e-01	-1.1696611e-01	 1.2857321e-01	-8.4559636e-04	-1.9368318e-03	 5.1842387e-03
	 1.8926176e-01	-8.8372637e-02	 1.5355999e-01	-1.0130022e-03	-1.8494197e-03	 5.2876031e-03
	 1.9536723e-01	-1.0652356e-01	 1.2116625e-01	-8.8727804e-04	-1.8771242e-03	 5.2585811e-03
	 2.1120835e-01	-1.3107878e-01	 8.1739437e-02	-4.7255151e-04	-1.8803754e-03	 5.6281248e-03
	 2.3059655e-01	-5.8130838e-02	 1.5746922e-01	-9.1350727e-04	-2.1228475e-03	 5.6629172e-03
	 2.4172406e-01	-8.9353161e-02	 1.2947490e-01	-6.9873306e-04	-2.0615727e-03	 5.7493820e-03
	 2.4340633e-01	-1.0883757e-01	 8.8625228e-02	-4.4346741e-04	-2.1627568e-03	 5.7289407e-03
	 2.5109857e-01	-8.9538055e-02	 1.5114271e-01	-4.7176456e-04	-2.1051634e-03	 5.8067030e-03
	 2.4506327e-01	-7.9415170e-02	 1.4463936e-01	-6.8237080e-04	-2.1161450e-03	 5.7827993e-03
	 2.5777625e-01	-1.2271813e-01	 9.9358170e-02	-4.5297141e-04	-2.2374529e-03	 5.7963338e-03
	 2.5438188e-01	-1.0331318e-01	 1.4789197e-01	-4.6500965e-04	-2.0583970e-03	 5.8660893e-03
	 2.3392908e-01	-1.0198643e-01	 1.1021103e-01	-2.0548466e-04	-1.7127812e-03	 5.7941703e-03
	 2.5510944e-01	-1.4732564e-01	 1.3002713e-02	 8.8007759e-05	-2.1106405e-03	 5.9449953e-03
	 2.4122091e-01	-7.8817002e-02	 7.0182911e-02	-3.2544552e-04	-2.0938874e-03	 5.7671606e-03
	 2.0894985e-01	-5.6904422e-02	 1.1017959e-01	-9.9378686e-04	-1.9626757e-03	 5.3845452e-03
	 2.2025428e-01	-8.9571373e-02	 1.0597300e-01	-1.0383458e-03	-2.0364575e-03	 5.4923429e-03
	 2.0425599e-01	-4.1275438e-02	 1.9217319e-01	-1.6648040e-03	-2.1066161e-03	 5.1496044e-03
	 2.1922713e-01	-1.0028685e-01	 1.2726436e-01	-1.3275922e-03	-2.0903667e-03	 5.5354053e-03
	 2.3056155e-01	-7.0044502e-02	 9.6291636e-02	-1.6179630e-03	-2.4493087e-03	 5.6536006e-03
	 2.1194312e-01	-3.0254083e-02	 1.5314555e-01	-1.5987891e-03	-2.2198908e-03	 5.3136555e-03
	 2.2047777e-01	-7.0068727e-02	 1.2825834e-01	-1.4813788e-03	-2.4154951e-03	 5.3916253e-03
	 2.0515726e-01	-4.9481631e-02	 2.0039965e-01	-1.7043434e-03	-2.3624208e-03	 5.1484279e-03
	 2.0459507e-01	-7.2390341e-02	 1.6891386e-01	-1.5085316e-03	-2.2981152e-03	 5.1699294e-03
	 2.0027247e-01	-9.0218297e-02	 1.6173244e-01	-1.3828271e-03	-2.2602944e-03	 5.0414376e-03
	 1.8717869e-01	-2.8882854e-02	 2.2378907e-01	-1.6233186e-03	-2.2405973e-03	 4.9643355e-03
	 1.9516610e-01	-7.1488146e-02	 2.0231150e-01	-1.3888606e-03	-2.2703150e-03	 5.1126721e-03
	 2.0038768e-01	-8.9616167e-02	 1.9206463e-01	-1.2716675e-03	-2.2801781e-03	 5.1991533e-03
	 1.8915726e-01	-4.5296640e-02	 2.4740131e-01	-1.5973817e-03	-2.2570890e-03	 5.1100854e-03
	 2.0439615e-01	-9.6165995e-02	 1.8880238e-01	-1.3646902e-03	-2.5676791e-03	 5.2974305e-03
	 1.9790649e-01	-8.4575382e-02	 1.8167313e-01	-1.2784128e-03	-2.5716259e-03	 5.2526297e-03
	 1.9313558e-01	-5.1734134e-02	 2.1821528e-01	-1.5008037e-03	-2.4414364e-03	 5.2294459e-03
	 1.8344282e-01	-9.4741582e-02	 1.7567713e-01	-1.3209873e-03	-2.3988237e-03	 5.1338626e-03
	 1.8171555e-01	-7.5335363e-02	 1.9534370e-01	-1.2726004e-03	-2.5486256e-03	 5.0748680e-03
	 1.8183510e-01	-5.1233294e-02	 2.2559075e-01	-1.5013931e-03	-2.5121869e-03	 5.0394983e-03
	 1.7590586e-01	-8.6915139e-02	 1.8215634e-01	-1.2787050e-03	-2.2990355e-03	 4.8530980e-03
	 1.7864281e-01	-8.4321037e-02	 1.9106211e-01	-1.0992436e-03	-2.2956271e-03	 4.8683850e-03
	 1.9230472e-01	-5.6028157e-02	 2.3312441e-01	-1.3178646e-03	-2.3819191e-03	 5.0007922e-03
	 1.9724490e-01	-9.8851988e-02	 2.1224760e-01	-1.1127248e-03	-2.3724559e-03	 5.0767527e-03
	 2.0248418e-01	-8.5842048e-02	 2.1445203e-01	-1.0820162e-03	-2.5507899e-03	 5.0880349e-03
	 1.8720159e-01	-5.0535006e-02	 2.4075612e-01	-1.1979189e-03	-2.2389258e-03	 5.1493016e-03
	 1.9018253e-01	-1.1144692e-01	 1.7348867e-01	-8.0839284e-04	-2.2296177e-03	 5.1695516e-03
	 1.9663356e-01	-9.6065535e-02	 1.7248111e-01	-8.6802069e-04	-2.3566587e-03	 5.4395833e-03
	 1.8699636e-01	-4.4642338e-02	 2.0255799e-01	-1.0057448e-03	-2.2326622e-03	 5.2234541e-03
	 1.7888192e-01	-9.7661370e-02	 1.7593344e-01	-7.8196386e-04	-2.1579306e-03	 5.2295262e-03
	 1.9164103e-01	-7.7067647e-02	 1.6960210e-01	-7.6596209e-04	-2.3982080e-03	 5.2089496e-03
	 1.8770887e-01	-4.5011034e-02	 1.7964071e-01	-1.0792516e-03	-2.3021180e-03	 5.2263381e-03
	 1.9032596e-01	-1.0118847e-01	 9.0273650e-02	-5.2796387e-04	-2.2695348e-03	 5.3435478e-03
	 1.7148463e-01	-5.3557958e-02	 1.4766246e-01	-7.3800210e-04	-2.2365832e-03	 5.1262651e-03
	 1.7341388e-01	-3.3405994e-02	 1.5374078e-01	-8.2716239e-04	-2.3715433e-03	 4.9932722e-03
	 1.6488428e-01	-8.0346612e-02	 9.5621488e-02	-5.4514634e-04	-2.2404715e-03	 4.9596133e-03
	 1.5878360e-01	-3.2668938e-02	 1.7643003e-01	-6.4722981e-04	-2.1851183e-03	 4.8766902e-03
	 1.6030996e-01	-7.1863882e-02	 1.6428601e-01	-4.3407095e-04	-2.2376003e-03	 4.7038452e-03
	 1.7586563e-01	-9.0972760e-02	 1.5179852e-01	-2.5710150e-04	-2.3802676e-03	 4.9098427e-03
	 1.5040751e-01	-2.9895453e-02	 2.2851049e-01	-7.1856988e-04	-2.1415362e-03	 4.6856380e-03
	 1.5382823e-01	-7.7944436e-02	 1.7458074e-01	-4.4036405e-04	-2.1297186e-03	 4.7507183e-03
	 1.6875993e-01	-8.8476879e-02	 1.5844832e-01	-5.3871477e-04	-2.3985118e-03	 4.9663756e-03
	 1.5023265e-01	-5.2453582e-02	 1.9679801e-01	-8.2391470e-04	-2.0917011e-03	 4.8291165e-03
	 1.5241384e-01	-7.1032902e-02	 1.7346324e-01	-1.0710511e-03	-2.1763896e-03	 4.7698077e-03
	 1.5478958e-01	-6.4947664e-02	 1.8460142e-01	-1.1057263e-03	-2.2682592e-03	 4.6994587e-03
	 1.5510405e-01	-5.9941337e-02	 2.2868349e-01	-1.1496114e-03	-2.2857259e-03	 4.7161278e-03
	 1.5646532e-01	-8.4222637e-02	 2.3607279e-01	-1.3290169e-03	-2.3983453e-03	 4.8233452e-03
	 1.5451584e-01	-4.2996479e-02	 2.8808606e-01	-1.6209580e-03	-2.3862977e-03	 4.7040854e-03
	 1.5383491e-01	-7.8668718e-02	 2.8816050e-01	-1.4246449e-03	-2.3278289e-03	 4.6512365e-03
	 1.4825420e-01	-6.9451353e-02	 2.9644264e-01	-1.4457925e-03	-2.1748784e-03	 4.7384734e-03
	 1.5276607e-01	-6.7967531e-02	 2.8610188e-01	-1.4330743e-03	-2.2739037e-03	 4.8696195e-03
	 1.6490956e-01	-9.5490894e-02	 2.4001865e-01	-9.7801615e-04	-2.3651237e-03	 5.0642513e-03
	 1.6072961e-01	-5.7275028e-02	 2.7665247e-01	-1.3650424e-03	-2.4592389e-03	 5.1159065e-03
	 1.7059841e-01	-1.0355384e-01	 2.2795200e-01	-1.0281631e-03	-2.6452949e-03	 5.0848344e-03
	 1.6920102e-01	-1.1235020e-01	 2.2031914e-01	-1.0283410e-03	-2.7686057e-03	 5.1931544e-03
	 1.5794886e-01	-6.3217097e-02	 3.1504947e-01	-1.3765049e-03	-2.5365250e-03	 5.0236299e-03
	 1.4317605e-01	-1.0636623e-01	 2.8234623e-01	-1.1315343e-03	-2.5172627e-03	 4.9147535e-03
	 1.4420683e-01	-1.0859507e-01	 2.6542577e-01	-1.1711714e-03	-2.4352841e-03	 4.9120257e-03
	 1.1978124e-01	-6.5450609e-02	 2.8584527e-01	-1.4081410e-03	-2.1348176e-03	 4.8803276e-03
	 1.3701352e-01	-9.4089589e-02	 2.4237761e-01	-1.2312883e-03	-2.2723308e-03	 4.9718502e-03
	 1.4780108e-01	-8.3550931e-02	 2.4905456e-01	-1.2050731e-03	-2.4400398e-03	 5.0403971e-03
	 1.6551101e-01	-5.0734219e-02	 2.6458851e-01	-1.2984395e-03	-2.5845546e-03	 5.1280259e-03
	 1.6394033e-01	-1.0501087e-01	 2.0795740e-01	-9.7501977e-04	-2.4200553e-03	 5.2474429e-03
	 1.6536132e-01	-1.0486367e-01	 1.9564966e-01	-6.1067355e-04	-2.3765610e-03	 5.3994759e-03
	 1.6492387e-01	-4.3649436e-02	 2.3471065e-01	-8.6409148e-04	-2.2598669e-03	 5.3815601e-03
	 1.5101680e-01	-1.1404944e-01	 1.9866341e-01	-5.1194069e-04	-2.3216515e-03	 5.1377808e-03
	 1.6682014e-01	-1.1724684e-01	 1.7829732e-01	-3.6355078e-04	-2.5927832e-03	 5.1261160e-03
	 1.6119148e-01	-4.1965251e-02	 2.4048790e-01	-9.4089158e-04	-2.6701153e-03	 5.1270242e-03
	 1.2993809e-01	-1.0864641e-01	 1.6333869e-01	-2.7771868e-04	-2.5543425e-03	 4.9756085e-03
	 1.3173689e-01	-9.5274846e-02	 1.5337367e-01	-3.9301934e-04	-2.7463029e-03	 4.8174840e-03
	 1.1623015e-01	-3.4654033e-02	 2.0336537e-01	-7.5590249e-04	-2.4941095e-03	 4.5873394e-03
	 1.1132455e-01	-8.7848918e-02	 1.7728997e-01	-8.6103921e-04	-2.4815626e-03	 4.5856830e-03
	 1.2108231e-01	-1.2238336e-01	 1.2738321e-01	-2.6860363e-04	-2.4121219e-03	 4.9186348e-03
	 1.3168871e-01	-3.3866756e-02	 1.9049242e-01	-7.6034072e-04	-2.4335278e-03	 4.8931910e-03
	 1.2737479e-01	-9.4327180e-02	 1.6509491e-01	-3.1956905e-04	-2.2330736e-03	 4.8622899e-03
	 1.4348061e-01	-1.1655291e-01	 1.6564872e-01	-1.7642939e-04	-2.3522802e-03	 4.9578742e-03
	 1.3453519e-01	-6.6908909e-02	 2.2182783e-01	-2.7727519e-04	-2.2459008e-03	 4.8695545e-03
	 1.3181005e-01	-7.8057750e-02	 2.0569261e-01	-3.3317989e-04	-2.1751747e-03	 4.9009835e-03
	 1.3872399e-01	-1.1744483e-01	 1.7523778e-01	-2.2733249e-06	-2.1462117e-03	 4.9920853e-03
	 1.3473717e-01	-3.1492288e-02	 2.5716280e-01	-8.9566451e-04	-2.3245766e-03	 4.8830010e-03
	 1.1672908e-01	-7.8990391e-02	 2.2033265e-01	-6.4327048e-04	-2.1258573e-03	 4.7702671e-03
	 1.2969280e-01	-8.6177897e-02	 1.7815884e-01	-9.4590827e-04	-2.3392830e-03	 4.7968610e-03
	 1.3032813e-01	-5.8772998e-02	 2.4504615e-01	-9.2053135e-04	-2.2775577e-03	 4.9186963e-03
	 1.4365294e-01	-5.5084540e-02	 2.3870993e-01	-1.2688805e-03	-2.1469337e-03	 4.9782117e-03
	 1.6356317e-01	-9.5743701e-02	 1.9792419e-01	-9.2335945e-04	-2.3358190e-03	 5.0726631e-03
	 1.5774079e-01	-6.5122163e-02	 2.3179254e-01	-8.5980768e-04	-2.3518112e-03	 5.1390604e-03
	 1.7446982e-01	-7.5490621e-02	 2.5267241e-01	-8.6012039e-04	-2.0052817e-03	 5.4763137e-03
	 1.5784032e-01	-8.5373514e-02	 2.3615409e-01	-9.6823237e-04	-1.9612731e-03	 5.3635781e-03
	 1.5277687e-01	-1.0309337e-01	 2.7008860e-01	-1.0778143e-03	-2.0265402e-03	 5.5267384e-03
	 1.5706108e-01	-9.5813845e-02	 2.5868999e-01	-1.3483162e-03	-2.0684267e-03	 5.6729244e-03
	 1.6104768e-01	-6.5703217e-02	 2.8548638e-01	-1.6593776e-03	-2.1075202e-03	 5.7422512e-03
	 1.6869885e-01	-1.0136531e-01	 2.3319364e-01	-1.3210573e-03	-2.0865206e-03	 5.7423756e-03
	 1.6448995e-01	-9.9393237e-02	 2.2655444e-01	-1.3284321e-03	-2.2597335e-03	 5.7363678e-03
	 1.5260319e-01	-9.1917288e-02	 2.5365773e-01	-1.2463822e-03	-2.3007434e-03	 5.5148637e-03
	 1.3736588e-01	-5.6459261e-02	 2.7824708e-01	-1.6814160e-03	-2.3910603e-03	 5.2121782e-03
	 1.3980605e-01	-8.7250626e-02	 2.4474975e-01	-1.5439271e-03	-2.5029727e-03	 5.2981880e-03
	 1.1611772e-01	-6.0241355e-02	 2.7379454e-01	-1.8052463e-03	-2.4153620e-03	 5.0823749e-03
	 1.2959613e-01	-9.9394580e-02	 2.4676465e-01	-1.8127227e-03	-2.6059159e-03	 5.2320805e-03
	 1.2023760e-01	-1.1157932e-01	 2.0869195e-01	-1.2527319e-03	-2.3907981e-03	 5.3431170e-03
	 1.1803402e-01	-7.4308373e-02	 2.5880046e-01	-1.4587781e-03	-2.4269407e-03	 5.2898426e-03
	 1.2927542e-01	-1.0951967e-01	 2.1226405e-01	-1.5454172e-03	-2.3903994e-03	 5.3944766e-03
	 1.4200175e-01	-8.8084985e-02	 2.3404889e-01	-1.3967907e-03	-2.5751671e-03	 5.5251071e-03
	 1.2836147e-01	-6.1900844e-02	 2.3420928e-01	-1.3017500e-03	-2.3866115e-03	 5.4764878e-03
	 1.3152474e-01	-8.6887228e-02	 2.0556199e-01	-1.1987945e-03	-2.6427393e-03	 5.2907285e-03
	 1.1636209e-01	-9.7965628e-02	 2.0272027e-01	-6.8206150e-04	-2.3721733e-03	 5.3097562e-03
	 1.4074522e-01	-2.2251600e-02	 2.7176742e-01	-1.6845271e-03	-2.9020154e-03	 5.2271705e-03
	 1.4256942e-01	-1.8651922e-01	 1.0493402e-01	 7.2252205e-05	-2.5705097e-03	 5.8003663e-03
	 1.7273599e-01	-2.4117264e-01	-1.6129549e-01	 2.4307683e-03	-3.5396328e-03	 5.8707710e-03
	 1.7163100e-01	-3.9499532e-02	 9.8951720e-02	 1.3844775e-04	-4.1567851e-03	 5.7436307e-03
	 1.7143984e-01	-3.0835559e-03	 1.3795902e-01	 6.9218081e-04	-3.1262104e-03	 6.0562828e-03
	 1.6833268e-01	-2.8165899e-02	 1.2278554e-01	 1.8903833e-04	-3.4842088e-03	 6.0740074e-03
	 1.3335381e-01	-3.0182717e-02	 1.2439306e-01	 2.2020680e-04	-2.8368720e-03	 5.8287700e-03
	 1.3527550e-01	-6.2554831e-03	 1.6779233e-01	-1.1667831e-04	-2.9805702e-03	 5.6962069e-03
	 1.3269379e-01	-7.3867585e-02	 1.0817834e-01	 2.2058069e-04	-2.6494106e-03	 5.7956541e-03
	 1.3823301e-01	-3.9050754e-03	 2.2484864e-01	-5.0914275e-04	-2.7010891e-03	 5.7665700e-03
	 1.3239809e-01	-4.6074010e-02	 1.4981247e-01	-3.6276711e-05	-2.2228319e-03	 5.9581013e-03
	 1.4090534e-01	-4.7597922e-02	 1.3147185e-01	-1.6683264e-04	-2.5066358e-03	 6.0413360e-03
	 1.1697233e-01	 3.2433072e-04	 1.9967416e-01	-4.5583153e-04	-2.3347119e-03	 5.5807914e-03
	 1.2456656e-01	-2.6650689e-02	 1.6221673e-01	-2.3369701e-04	-2.2423620e-03	 5.6680800e-03
	 1.4683489e-01	-5.5515451e-02	 1.1092719e-01	 1.2755919e-06	-2.5790609e-03	 5.9355940e-03
	 1.3403363e-01	 2.2539971e-02	 2.1415394e-01	-8.5602731e-04	-2.7147328e-03	 5.6624471e-03
	 1.1649800e-01	-2.0579661e-02	 2.0632743e-01	-9.1257943e-04	-2.6056675e-03	 5.4892703e-03
	 1.2739184e-01	-2.2685645e-02	 2.3207480e-01	-1.4169050e-03	-2.7084674e-03	 5.5252963e-03
	 1.3032656e-01	-3.6113764e-02	 2.7708976e-01	-1.3773608e-03	-2.8147009e-03	 5.6961306e-03
	 1.2159059e-01	-4.8864959e-02	 2.4584212e-01	-1.2246145e-03	-2.6476213e-03	 5.6308586e-03
	 1.2434914e-01	-5.1994733e-02	 2.2676033e-01	-1.3782963e-03	-2.6449502e-03	 5.7596008e-03
	 1.1920007e-01	-2.8205482e-03	 2.7712901e-01	-2.0216470e-03	-2.6189262e-03	 5.5747924e-03
	 1.3477950e-01	-4.8358042e-02	 2.5940760e-01	-2.1141312e-03	-2.8694800e-03	 5.6100296e-03
	 1.2854755e-01	-8.7583540e-03	 3.0691875e-01	-2.4034850e-03	-2.9027945e-03	 5.6018511e-03
	 1.2808914e-01	-1.5734471e-02	 3.2862017e-01	-2.3358310e-03	-3.0387406e-03	 5.5456166e-03
	 1.2595967e-01	-3.6690263e-02	 3.0436420e-01	-2.1476668e-03	-3.0008627e-03	 5.3468230e-03
	 1.1580155e-01	 1.1895089e-02	 3.5749712e-01	-2.6042073e-03	-3.2279266e-03	 5.2352248e-03
	 1.0855180e-01	-1.9967499e-02	 3.4686991e-01	-2.6500699e-03	-3.2931560e-03	 5.3081897e-03
	 1.1059604e-01	-1.7576346e-02	 3.5572229e-01	-2.8713591e-03	-3.3686298e-03	 5.2846762e-03
	 9.0186396e-02	 1.8004396e-02	 4.0521891e-01	-3.0837120e-03	-3.2356344e-03	 5.0040038e-03
	 8.9443044e-02	-1.3054670e-02	 3.8809571e-01	-3.1895583e-03	-3.2146998e-03	 5.0830794e-03
	 9.6268507e-02	 1.0970789e-02	 4.1141679e-01	-3.0455804e-03	-3.3157219e-03	 5.0722577e-03
	 8.1007122e-02	 4.1391820e-03	 3.9752229e-01	-3.0928434e-03	-3.1557554e-03	 4.9091601e-03
	 8.7028004e-02	-3.3916546e-02	 3.8428610e-01	-3.1676829e-03	-3.2022781e-03	 5.0671413e-03
	 8.1032912e-02	-3.5501823e-02	 4.0719106e-01	-3.0676747e-03	-3.3555955e-03	 5.1218652e-03
	 1.0747064e-01	-5.7043259e-02	 3.8352358e-01	-2.6359985e-03	-3.2649565e-03	 5.2932755e-03
	 1.2313925e-01	-3.8694197e-02	 3.9406837e-01	-2.6889572e-03	-3.2357787e-03	 5.4735223e-03
	 1.2179368e-01	-9.3689605e-03	 4.1820259e-01	-2.6753133e-03	-3.0666893e-03	 5.5322342e-03
	 1.0965637e-01	-5.8551569e-02	 3.5556312e-01	-2.4145898e-03	-2.9917202e-03	 5.5101346e-03
	 9.9879107e-02	-4.7520027e-02	 3.6127424e-01	-2.6282938e-03	-2.9114837e-03	 5.2523048e-03
	 8.3187809e-02	 2.6690382e-02	 4.5367294e-01	-2.9443511e-03	-2.7041005e-03	 5.0675748e-03
	 6.5684958e-02	-2.7242033e-02	 4.0327348e-01	-2.5246315e-03	-2.5408860e-03	 4.8288528e-03
	 7.6227615e-02	-5.8919194e-02	 3.5070298e-01	-2.1833984e-03	-2.6552572e-03	 4.8558093e-03
	 8.0556776e-02	-1.4311355e-02	 4.0659701e-01	-2.4387476e-03	-2.9945486e-03	 4.9383272e-03
	 9.3993601e-02	 2.0803246e-02	 4.1030326e-01	-2.8516018e-03	-2.9364836e-03	 5.1312210e-03
	 9.3328600e-02	-3.5661455e-02	 3.3790757e-01	-2.4391597e-03	-2.9235711e-03	 5.0437451e-03
	 1.1087866e-01	-3.9719852e-02	 3.0406118e-01	-1.9397139e-03	-2.9508302e-03	 5.2939607e-03
	 1.0901268e-01	 6.8140228e-03	 3.7301151e-01	-2.2276781e-03	-3.1389911e-03	 5.1526908e-03
	 1.0568127e-01	-1.6694485e-02	 3.4466074e-01	-2.1815881e-03	-3.1770987e-03	 5.0191989e-03
	 5.9001827e-02	-6.9913607e-02	 2.8521688e-01	-1.4798494e-03	-2.3973456e-03	 4.6305869e-03
	-2.7956183e-01	 8.9680273e-02	 6.6289973e-02	-3.2901145e-03	 1.6403555e-03	 8.2550114e-04
	-1.0836189e-01	 9.8530717e-02	 1.9503198e-02	-2.2381745e-03	 4.4094146e-04	 2.7635960e-03
	-1.4539786e-01	 4.5355465e-02	-3.4081220e-03	-1.8738821e-03	 3.5679039e-04	 2.3531110e-03
	-1.3768971e-01	 1.7073932e-01	 4.9775801e-02	-3.0519873e-03	 2.7739361e-04	 2.4477927e-03
	-1.6150318e-01	 7.2823279e-02	 2.0499338e-02	-2.5825130e-03	 6.5507825e-05	 2.0022922e-03
	-1.6457795e-01	 1.4054925e-01	 8.2333326e-02	-3.1191754e-03	-3.6714265e-04	 1.7556721e-03
	-1.8035447e-01	 1.4178122e-01	 2.0831635e-01	-3.8215351e-03	-7.1986295e-04	 1.5193414e-03
	-1.5456387e-01	 1.0347112e-01	 2.1992841e-01	-3.9866653e-03	-9.3354789e-04	 1.8751288e-03
	-1.5891827e-01	 1.0617232e-01	 2.5428067e-01	-4.1657108e-03	-1.0027404e-03	 1.6090034e-03
	-1.2180955e-01	 1.2746830e-01	 2.7658523e-01	-4.6924869e-03	-1.4938353e-03	 2.1508369e-03
	-1.1831255e-01	 7.8249386e-02	 2.2879710e-01	-4.2920640e-03	-1.5871962e-03	 2.3562819e-03
	-9.8500519e-02	 1.1703414e-01	 2.4440492e-01	-4.8762113e-03	-2.0073660e-03	 2.5960951e-03
	-1.0556873e-01	 6.4791793e-02	 1.8825016e-01	-4.1215222e-03	-1.9908918e-03	 2.3595667e-03
	-1.0798601e-01	 9.7875746e-02	 2.4564852e-01	-4.5336786e-03	-2.1049331e-03	 2.5532117e-03
	-8.6548705e-02	 8.1964403e-02	 2.8731053e-01	-4.5466151e-03	-2.0902936e-03	 2.9063739e-03
	-9.6947156e-02	 8.8827797e-02	 3.8945887e-01	-5.5168877e-03	-2.1298612e-03	 2.8470729e-03
	-7.2524700e-02	 6.5079069e-02	 3.7927435e-01	-4.9023883e-03	-1.9106309e-03	 3.2900563e-03
	-7.5042221e-02	 5.9132680e-02	 3.6907917e-01	-5.0076363e-03	-2.0535448e-03	 3.2634743e-03
	-5.1572301e-02	 7.0832877e-02	 3.7284774e-01	-4.6745252e-03	-2.1354863e-03	 3.5691807e-03
	-4.6619665e-02	 1.0031861e-01	 3.7963477e-01	-5.5141392e-03	-2.7769642e-03	 3.4997503e-03
	-4.7542823e-02	 6.4211201e-02	 3.5387749e-01	-4.9839229e-03	-2.2398273e-03	 3.7678286e-03
	-5.3504614e-02	 1.2250939e-01	 3.8943327e-01	-5.8786029e-03	-2.6347976e-03	 3.4816291e-03
	-3.9636362e-02	 4.1939636e-02	 3.4909275e-01	-4.8856466e-03	-2.1633849e-03	 3.7536650e-03
	-6.1098940e-02	 1.4359124e-01	 3.9807090e-01	-6.0806864e-03	-2.4511700e-03	 3.2969820e-03
	 8.9463103e-03	-9.5081045e-02	 2.2268814e-01	-2.4976136e-03	-1.9866684e-03	 4.4554373e-03
	 2.0560449e-01	-2.3207948e-01	-3.1227632e-02	 2.9861390e-03	-3.0651845e-03	 5.7159596e-03
	 7.4378255e-02	 4.4092085e-01	 5.7165896e-01	-8.7475586e-03	-2.3725607e-03	 2.8745073e-03
	 1.1949533e-01	 2.5932398e-01	 5.1394980e-01	-7.2084490e-03	-2.1523325e-03	 4.2322685e-03
	 1.5998548e-01	 3.1430010e-01	 5.4746511e-01	-6.7322718e-03	-2.9165623e-03	 5.0854426e-03
	 1.4735493e-01	 2.3628525e-01	 5.1845845e-01	-6.6546831e-03	-3.1772211e-03	 4.9714801e-03
	 1.3946468e-01	 2.8620445e-01	 5.5633733e-01	-6.6226914e-03	-3.5458200e-03	 4.7934659e-03
	 1.5093741e-01	 2.6128854e-01	 5.1866758e-01	-6.1811500e-03	-3.1348514e-03	 5.0189419e-03
	 1.6121261e-01	 2.4462492e-01	 4.9087482e-01	-5.9946277e-03	-3.2443843e-03	 5.3842473e-03
	 1.8825531e-01	 2.3295938e-01	 4.5583483e-01	-5.8038599e-03	-3.6320796e-03	 5.5612945e-03
	 1.8936273e-01	 2.5936961e-01	 4.1366867e-01	-5.4900532e-03	-3.8323933e-03	 5.5847055e-03
	 1.9012922e-01	 1.9056975e-01	 3.5779110e-01	-5.0532869e-03	-3.5944159e-03	 5.6751880e-03
	 2.1190707e-01	 2.4871273e-01	 3.8325589e-01	-5.3899709e-03	-3.9935125e-03	 5.6670381e-03
	 2.2247876e-01	 2.7720744e-01	 4.1639810e-01	-5.7799094e-03	-3.9732041e-03	 5.8725849e-03
	 2.2905831e-01	 2.3623590e-01	 4.1248832e-01	-5.5828316e-03	-4.1058254e-03	 5.7870854e-03
	 2.2894666e-01	 2.3244926e-01	 4.3166468e-01	-5.8045039e-03	-4.1372962e-03	 5.7051063e-03
	 2.0033676e-01	 2.5465473e-01	 4.2128928e-01	-5.5976429e-03	-4.1241420e-03	 5.5961967e-03
	 2.0248158e-01	 2.0876443e-01	 3.6755060e-01	-5.6897531e-03	-4.1558687e-03	 5.7337296e-03
	 1.9990057e-01	 2.5997322e-01	 4.0874802e-01	-6.3262162e-03	-4.2710584e-03	 5.5628460e-03
	 2.0606127e-01	 2.5349076e-01	 3.4855965e-01	-6.1578519e-03	-4.0544297e-03	 5.7770660e-03
	 2.1794570e-01	 2.3501926e-01	 3.2385144e-01	-6.1244289e-03	-4.0763635e-03	 5.9031820e-03
	 2.0485794e-01	 2.7881289e-01	 3.8598975e-01	-6.5446234e-03	-4.2051987e-03	 5.6351251e-03
	 2.1783494e-01	 2.8636837e-01	 4.2210140e-01	-7.1228850e-03	-4.1858048e-03	 5.8166146e-03
	 2.1340864e-01	 2.5991431e-01	 4.4276265e-01	-7.2892054e-03	-3.9178237e-03	 5.8251058e-03
	 2.1917947e-01	 2.7435761e-01	 4.5560440e-01	-7.5985138e-03	-3.9888638e-03	 5.9598836e-03
	 2.4175602e-01	 2.6417244e-01	 4.5301654e-01	-7.6780986e-03	-4.2496867e-03	 6.1755218e-03
	 2.4195503e-01	 3.0034044e-01	 4.6725813e-01	-8.0251299e-03	-4.1031327e-03	 6.2216778e-03
	 2.5371438e-01	 2.6141290e-01	 4.3830713e-01	-7.8388443e-03	-4.2856017e-03	 6.3928191e-03
	 2.5720893e-01	 2.6498503e-01	 4.3701802e-01	-7.5556539e-03	-4.2391593e-03	 6.5254760e-03
	 2.6644116e-01	 2.8463435e-01	 4.7885306e-01	-7.8815927e-03	-4.2752648e-03	 6.7767721e-03
	 2.6785303e-01	 2.5894878e-01	 4.5844415e-01	-8.0922641e-03	-4.3182929e-03	 6.9406362e-03
	 2.8145296e-01	 2.5975355e-01	 4.7145941e-01	-8.1294103e-03	-4.5302525e-03	 7.1171001e-03
	 2.7776528e-01	 2.6342544e-01	 4.7432613e-01	-8.0819599e-03	-4.3175162e-03	 7.1856026e-03
	 2.8784736e-01	 2.3830971e-01	 4.6074066e-01	-8.0913994e-03	-4.4309237e-03	 7.2416594e-03
	 2.8940502e-01	 2.8452133e-01	 4.9341967e-01	-8.4156002e-03	-4.4073372e-03	 7.1908306e-03
	 2.9288729e-01	 2.3673073e-01	 4.6337899e-01	-8.4954926e-03	-4.2874585e-03	 7.3917453e-03
	 2.9333697e-01	 2.9164836e-01	 5.1649037e-01	-8.7006765e-03	-4.2798075e-03	 7.2570362e-03
	 3.0570132e-01	 2.5467245e-01	 4.9893505e-01	-8.4899959e-03	-4.3889416e-03	 7.4052536e-03
	 3.1354387e-01	 2.6415758e-01	 5.1042225e-01	-8.4747531e-03	-4.6406181e-03	 7.2043509e-03
	 3.2347270e-01	 2.6100889e-01	 5.1987362e-01	-8.4737729e-03	-4.5764435e-03	 7.4421865e-03
	 3.3379201e-01	 2.3400811e-01	 4.6023596e-01	-7.8830357e-03	-4.6188559e-03	 7.5821046e-03
	 3.5861848e-01	 2.5304625e-01	 5.0814203e-01	-8.1794990e-03	-4.6780449e-03	 8.1140779e-03
	 4.0677837e-01	 3.1233906e-01	 4.6843842e-01	-7.0776289e-03	-4.6382463e-03	 8.6116304e-03
	 4.2754632e-01	 2.5389522e-01	 2.8435590e-01	-4.4851440e-03	-4.1435860e-03	 8.4644720e-03
	 3.7013024e-01	 3.0389000e-01	-9.9809589e-03	-2.7806408e-03	-3.8865885e-03	 6.0930030e-03
	 4.5172192e-01	 1.8373897e-01	 2.4312890e-02	-1.6023108e-03	-4.5587871e-03	 7.9393816e-03
	 3.7585604e-01	 3.2359940e-01	 4.0953571e-01	-3.4712956e-03	-4.6489667e-03	 7.0781583e-03
	 2.2192976e-01	 9.5988445e-02	-4.7169027e-01	 6.4012520e-04	-2.3641415e-03	 5.2112127e-03
	 3.1992018e-01	 1.6726255e-01	-5.0548193e-01	 6.2901039e-04	-2.6629226e-03	 5.9818774e-03
	 3.3169338e-01	 1.9077715e-01	-3.9726293e-01	-3.0126305e-03	-2.6022559e-03	 6.9234266e-03
	 4.0181246e-01	 1.9510533e-01	-5.0426561e-01	-3.3660686e-03	-3.4212688e-03	 7.8205806e-03
	 5.2161436e-01	 4.7515402e-01	-1.4294052e-01	-7.9191384e-03	-3.5105814e-03	 9.7387939e-03
